#,#,#,OPERATOR:1,OPERATOR:1,OPERATOR:2,OPERATOR:2,OPERATOR:2,OPERATOR:2,OPERATOR:2,OPERATOR:2,OPERATOR:2,OPERATOR:2,OPERATOR:2,OPERATOR:2,6,6,6,6,6,6,6,6,6,6,6,6,6,6,6,6,6,8,8,8,8,8,8,8,8,8,8,8,8,8,8,8,8,8,15,15,15,15,15,15,15,15,15,15,15,15,15,15,15,15,15,17,17,17,17,17,17,17,17,17,17,17,17,17,17,17,17,17,17,17,17,17,18,18,18,19,19,19,20,21,21,22,22,22,22
#,#,#,X-axis rotation angle,Y-axis rotation angle,a0,ax,ax2,ax3,ay,axy,ax2y,ay2,axy2,ay3,Name,Created on,Studiable type,Axis name - X,Axis length - X,Axis size - X,Axis spacing - X,Axis name - Y,Axis length - Y,Axis size - Y,Axis spacing - Y,Axis name - Z,Layer type - Z,Axis length - Z,Axis size - Z,Axis spacing - Z,NM-points ratio - Z,Name,Created on,Studiable type,Axis name - X,Axis length - X,Axis size - X,Axis spacing - X,Axis name - Y,Axis length - Y,Axis size - Y,Axis spacing - Y,Axis name - Z,Layer type - Z,Axis length - Z,Axis size - Z,Axis spacing - Z,NM-points ratio - Z,Name,Created on,Studiable type,Axis name - X,Axis length - X,Axis size - X,Axis spacing - X,Axis name - Y,Axis length - Y,Axis size - Y,Axis spacing - Y,Axis name - Z,Layer type - Z,Axis length - Z,Axis size - Z,Axis spacing - Z,NM-points ratio - Z,Sq,Ssk,Sku,Sp,Sv,Sz,Sa,Smr (c = 1000 nm below highest peak),Smc (p = 10.00%),Sxp (p = 50.00%  q = 97.50%),Sal (s = 0.2000),Str (s = 0.2000),Std (Reference angle = 0.000°),Sdq,Sdr,Vm (p = 10.00%),Vv (p = 10.00%),Vmp (p = 10.00%),Vmc (p = 10.00%  q = 80.00%),Vvc (p = 10.00%  q = 80.00%),Vvv (p = 80.00%),Maximum depth of furrows,Mean depth of furrows,Mean density of furrows,First direction,Second direction,Third direction,Isotropy,Length-scale anisotropy (Sfrax) (epLsar),Length-scale anisotropy (NewEplsar),Fractal complexity (Asfc),Scale of max complexity (Smfc),HAsfc9 (HAsfc9),HAsfc81 (HAsfc81)
#,#,#,°,°,nm,nm,nm,nm,nm,nm,nm,nm,nm,nm,<no unit>,<no unit>,<no unit>,<no unit>,µm,points,µm,<no unit>,µm,points,µm,<no unit>,<no unit>,nm,digits,nm,%,<no unit>,<no unit>,<no unit>,<no unit>,µm,points,µm,<no unit>,µm,points,µm,<no unit>,<no unit>,nm,digits,nm,%,<no unit>,<no unit>,<no unit>,<no unit>,µm,points,µm,<no unit>,µm,points,µm,<no unit>,<no unit>,nm,digits,nm,%,nm,<no unit>,<no unit>,nm,nm,nm,nm,%,nm,nm,µm,<no unit>,°,<no unit>,%,µm³/µm²,µm³/µm²,µm³/µm²,µm³/µm²,µm³/µm²,µm³/µm²,nm,nm,cm/cm2,°,°,°,%,<no unit>,<no unit>,<no unit>,µm²,<no unit>,<no unit>
07.09.2020,14:31:36,E:\USE-WEAR\archaeology\RAMIOUL\ConfoMap\R_pro --- R_50x_res ---  -  - Users - schunk - Documents - USE-WEAR - RAMIOUL - LSM - R-002 - R-002_A1-01-a_50x09_LSM_Topo.mnt,0.694920518,2.627071571,1672.074411,-3.802595656,0.010569345,-9.36E-06,-7.303528796,0.004108866,3.14E-06,0.00761333,-3.12E-06,-2.74E-06,R_50x_res ---  -  - Users - schunk - Documents - USE-WEAR - RAMIOUL - LSM - R-002 - R-002_A1-01-a_50x09_LSM_Topo,07.01.2020 09:56,Surface,X,255.4748056,1198,0.213429245,Y,255.4748056,1198,0.213429245,Z,Topography,20213.11055,66293,0.304905655,0,R_50x_res ---  -  - Users - schunk - Documents - USE-WEAR - RAMIOUL - LSM - R-002 - R-002_A1-01-a_50x09_LSM_Topo > Leveled (LS-plane),07.01.2020 09:56,Surface,X,255.4748056,1198,0.213429245,Y,255.4748056,1198,0.213429245,Z,Topography,10441.79904,34246,0.304905655,0,R_50x_res ---  -  - Users - schunk - Documents - USE-WEAR - RAMIOUL - LSM - R-002 - R-002_A1-01-a_50x09_LSM_Topo > Leveled (LS-plane) > Form removed (LS-poly 3) > Outliers removed > Thresholded (0.1000 % ; 99.90 %) > S-filtered (Lambda-s 2.500 µm) > Filled-in non-measured points,07.01.2020 09:56,Surface,X,255.4748056,1198,0.213429245,Y,255.4748056,1198,0.213429245,Z,Topography,6777.412398,222279,0.030490565,0,965.6698832,0.223698651,3.305367398,2982.770056,3794.642342,6777.412398,753.1662694,3.36939136,1286.370713,1714.056906,20.8354156,0.286866253,98.49823473,0.18024731,1.545220979,0.056528148,1.342889309,0.056528148,0.838905952,1.242258083,0.100631226,4680.149344,1003.094218,2236.279395,135.014308,90.00996958,153.4974777,53.47867338,0.003935162,0.018107507,2.288328872,9.024672658,0.215684673,0.447530274
07.09.2020,14:31:59,E:\USE-WEAR\archaeology\RAMIOUL\ConfoMap\R_pro --- R_50x_res ---  -  - Users - schunk - Documents - USE-WEAR - RAMIOUL - LSM - R-002 - R-002_A1-01-b_50x09_LSM_Topo.mnt,0.380017381,3.89955689,-5813.081182,4.78034972,-0.016565845,4.71E-06,44.9466164,0.026128203,2.38E-06,-0.084507229,-1.75E-05,4.03E-05,R_50x_res ---  -  - Users - schunk - Documents - USE-WEAR - RAMIOUL - LSM - R-002 - R-002_A1-01-b_50x09_LSM_Topo,07.01.2020 10:10,Surface,X,255.4748056,1198,0.213429245,Y,255.4748056,1198,0.213429245,Z,Topography,29800.637,65752,0.453227841,0,R_50x_res ---  -  - Users - schunk - Documents - USE-WEAR - RAMIOUL - LSM - R-002 - R-002_A1-01-b_50x09_LSM_Topo > Leveled (LS-plane),07.01.2020 10:10,Surface,X,255.4748056,1198,0.213429245,Y,255.4748056,1198,0.213429245,Z,Topography,20601.01829,45454,0.453227841,0,R_50x_res ---  -  - Users - schunk - Documents - USE-WEAR - RAMIOUL - LSM - R-002 - R-002_A1-01-b_50x09_LSM_Topo > Leveled (LS-plane) > Form removed (LS-poly 3) > Outliers removed > Thresholded (0.1000 % ; 99.90 %) > S-filtered (Lambda-s 2.500 µm) > Filled-in non-measured points,07.01.2020 10:10,Surface,X,255.4748056,1198,0.213429245,Y,255.4748056,1198,0.213429245,Z,Topography,6772.492983,149428,0.045322784,0,1119.746817,0.089666076,2.990346602,3224.172216,3548.320767,6772.492983,896.500834,2.624439264,1488.448502,2071.89361,23.14006082,0.602646878,47.76140331,0.165695428,1.344574865,0.052545671,1.54101504,0.052545671,0.988707024,1.423688806,0.117326235,4100.080341,1139.981726,2273.616025,45.01209364,0.009655241,90.02883621,45.74561992,0.001792671,0.018407077,1.710990706,7.890413111,0.169997016,0.41191092
07.09.2020,14:32:23,E:\USE-WEAR\archaeology\RAMIOUL\ConfoMap\R_pro --- R_50x_res ---  -  - Users - schunk - Documents - USE-WEAR - RAMIOUL - LSM - R-002 - R-002_A1-01-c_50x09_LSM_Topo.mnt,1.390974155,3.511979447,1270.055388,-6.770149791,0.005074036,1.14E-06,0.766342347,0.002980233,-9.35E-06,-0.000456361,8.65E-06,-2.90E-06,R_50x_res ---  -  - Users - schunk - Documents - USE-WEAR - RAMIOUL - LSM - R-002 - R-002_A1-01-c_50x09_LSM_Topo,07.01.2020 10:21,Surface,X,255.4748056,1198,0.213429245,Y,255.4748056,1198,0.213429245,Z,Topography,24918.14865,66000,0.377547707,0,R_50x_res ---  -  - Users - schunk - Documents - USE-WEAR - RAMIOUL - LSM - R-002 - R-002_A1-01-c_50x09_LSM_Topo > Leveled (LS-plane),07.01.2020 10:21,Surface,X,255.4748056,1198,0.213429245,Y,255.4748056,1198,0.213429245,Z,Topography,12009.79256,31810,0.377547707,0,R_50x_res ---  -  - Users - schunk - Documents - USE-WEAR - RAMIOUL - LSM - R-002 - R-002_A1-01-c_50x09_LSM_Topo > Leveled (LS-plane) > Form removed (LS-poly 3) > Outliers removed > Thresholded (0.1000 % ; 99.90 %) > S-filtered (Lambda-s 2.500 µm) > Filled-in non-measured points,07.01.2020 10:21,Surface,X,255.4748056,1198,0.213429245,Y,255.4748056,1198,0.213429245,Z,Topography,6958.846069,184317,0.037754771,0,998.5294723,-0.551565041,4.199949151,2620.332105,4338.513964,6958.846069,773.2283495,4.047806712,1226.835782,2334.161186,22.92915807,*****,93.50368083,0.174190009,1.481525752,0.04013832,1.266984297,0.04013832,0.830803437,1.131576279,0.135408018,3932.593547,843.7165624,2433.140888,89.99626262,45.02832832,63.51547954,59.25091105,0.002986136,0.01649434,2.393323227,5.639887625,0.208989814,0.375448041
07.09.2020,14:32:46,E:\USE-WEAR\archaeology\RAMIOUL\ConfoMap\R_pro --- R_50x_res ---  -  - Users - schunk - Documents - USE-WEAR - RAMIOUL - LSM - R-006 - R-006_C3-01-a_50x09_LSM_Topo.mnt,-0.043290216,3.863170209,2895.15074,-14.57578299,0.021686884,-1.07E-05,-2.000971423,0.008361972,-2.24E-06,-0.004499433,-2.05E-06,3.82E-06,R_50x_res ---  -  - Users - schunk - Documents - USE-WEAR - RAMIOUL - LSM - R-006 - R-006_C3-01-a_50x09_LSM_Topo,6/25/2020 2:23:58 PM,Surface,X,255.4748056,1198,0.213429245,Y,255.4748056,1198,0.213429245,Z,Topography,19904.03127,64741,0.307440899,0,R_50x_res ---  -  - Users - schunk - Documents - USE-WEAR - RAMIOUL - LSM - R-006 - R-006_C3-01-a_50x09_LSM_Topo > Leveled (LS-plane),6/25/2020 2:23:58 PM,Surface,X,255.4748056,1198,0.213429245,Y,255.4748056,1198,0.213429245,Z,Topography,7196.576573,23408,0.307440899,0,R_50x_res ---  -  - Users - schunk - Documents - USE-WEAR - RAMIOUL - LSM - R-006 - R-006_C3-01-a_50x09_LSM_Topo > Leveled (LS-plane) > Form removed (LS-poly 3) > Outliers removed > Thresholded (0.1000 % ; 99.90 %) > S-filtered (Lambda-s 2.500 µm) > Filled-in non-measured points,6/25/2020 2:23:58 PM,Surface,X,255.4748056,1198,0.213429245,Y,255.4748056,1198,0.213429245,Z,Topography,4815.877225,156644,0.03074409,0,614.6397547,-0.904346345,5.610191103,1701.070496,3114.806728,4815.877225,457.3913996,10.12424051,704.6877281,1447.792202,27.31430557,0.608074953,140.999159,0.100838859,0.500164618,0.024797436,0.729477244,0.024797436,0.487232456,0.635111291,0.094365952,3276.397665,643.8444633,1678.009725,89.98830444,135.0220561,146.1702401,81.99562779,0.002504044,0.017391252,0.690284456,15.44394776,0.324803729,0.9398802
07.09.2020,14:33:09,E:\USE-WEAR\archaeology\RAMIOUL\ConfoMap\R_pro --- R_50x_res ---  -  - Users - schunk - Documents - USE-WEAR - RAMIOUL - LSM - R-006 - R-006_C3-01-b_50x09_LSM_Topo.mnt,-0.011221099,1.961249199,-1912.299995,0.001470872,0.011271713,-8.42E-06,9.92879743,-0.017590879,4.74E-06,-0.009442513,9.43E-06,2.24E-06,R_50x_res ---  -  - Users - schunk - Documents - USE-WEAR - RAMIOUL - LSM - R-006 - R-006_C3-01-b_50x09_LSM_Topo,6/25/2020 2:45:54 PM,Surface,X,255.4748056,1198,0.213429245,Y,255.4748056,1198,0.213429245,Z,Topography,16588.21531,68818,0.241044717,0,R_50x_res ---  -  - Users - schunk - Documents - USE-WEAR - RAMIOUL - LSM - R-006 - R-006_C3-01-b_50x09_LSM_Topo > Leveled (LS-plane),6/25/2020 2:45:54 PM,Surface,X,255.4748056,1198,0.213429245,Y,255.4748056,1198,0.213429245,Z,Topography,8672.788904,35980,0.241044717,0,R_50x_res ---  -  - Users - schunk - Documents - USE-WEAR - RAMIOUL - LSM - R-006 - R-006_C3-01-b_50x09_LSM_Topo > Leveled (LS-plane) > Form removed (LS-poly 3) > Outliers removed > Thresholded (0.1000 % ; 99.90 %) > S-filtered (Lambda-s 2.500 µm) > Filled-in non-measured points,6/25/2020 2:45:54 PM,Surface,X,255.4748056,1198,0.213429245,Y,255.4748056,1198,0.213429245,Z,Topography,4542.969774,188470,0.024104472,0,555.8779852,-0.520433723,4.794460649,1728.025469,2814.944305,4542.969774,429.785153,7.595916229,659.6659564,1138.29398,25.8036046,0.816387744,140.4951548,0.087032426,0.373738479,0.024656222,0.684321367,0.024656222,0.452477358,0.611301186,0.073020182,2726.396529,553.9610828,1652.592256,134.9823561,90.00667551,146.2312596,68.91214307,0.001237445,0.017423268,0.494673485,17.66404003,0.491859827,0.959382037
07.09.2020,14:33:32,E:\USE-WEAR\archaeology\RAMIOUL\ConfoMap\R_pro --- R_50x_res ---  -  - Users - schunk - Documents - USE-WEAR - RAMIOUL - LSM - R-006 - R-006_C3-01-c_50x09_LSM_Topo.mnt,0.049208305,2.096764531,1343.987428,-3.561028862,0.000789962,1.56E-06,-2.636729922,0.009243801,-8.58E-06,-0.000755885,2.56E-06,2.15E-07,R_50x_res ---  -  - Users - schunk - Documents - USE-WEAR - RAMIOUL - LSM - R-006 - R-006_C3-01-c_50x09_LSM_Topo,6/25/2020 2:57:14 PM,Surface,X,255.4748056,1198,0.213429245,Y,255.4748056,1198,0.213429245,Z,Topography,15188.66784,67529,0.224920669,0,R_50x_res ---  -  - Users - schunk - Documents - USE-WEAR - RAMIOUL - LSM - R-006 - R-006_C3-01-c_50x09_LSM_Topo > Leveled (LS-plane),6/25/2020 2:57:14 PM,Surface,X,255.4748056,1198,0.213429245,Y,255.4748056,1198,0.213429245,Z,Topography,8165.295038,36303,0.224920669,0,R_50x_res ---  -  - Users - schunk - Documents - USE-WEAR - RAMIOUL - LSM - R-006 - R-006_C3-01-c_50x09_LSM_Topo > Leveled (LS-plane) > Form removed (LS-poly 3) > Outliers removed > Thresholded (0.1000 % ; 99.90 %) > S-filtered (Lambda-s 2.500 µm) > Filled-in non-measured points,6/25/2020 2:57:14 PM,Surface,X,255.4748056,1198,0.213429245,Y,255.4748056,1198,0.213429245,Z,Topography,3687.191999,163933,0.022492067,0,602.7744101,-0.5273472,3.361822558,1315.178626,2372.013373,3687.191999,483.9866908,32.14461069,742.3168321,1380.101117,26.28511169,0.438058806,140.0014589,0.087700245,0.378073396,0.018316491,0.760636292,0.018316491,0.545690345,0.679902379,0.080733913,2726.162212,533.5406599,1659.543754,135.0080953,179.9786379,123.7757579,55.99068597,0.002280229,0.01824015,0.511922097,15.44394776,0.347615029,1.133542123
07.09.2020,14:33:56,E:\USE-WEAR\archaeology\RAMIOUL\ConfoMap\R_pro --- R_50x_res ---  -  - Users - schunk - Documents - USE-WEAR - RAMIOUL - LSM - R-007 - R-007_C2-01-a_50x09_LSM_Topo.mnt,-0.482860865,-2.094671376,418.717682,-1.486155785,0.004900122,-4.81E-06,-1.10903703,0.003659324,-4.97E-07,-0.000389861,-3.00E-08,-2.76E-07,R_50x_res ---  -  - Users - schunk - Documents - USE-WEAR - RAMIOUL - LSM - R-007 - R-007_C2-01-a_50x09_LSM_Topo,6/30/2020 5:08:57 PM,Surface,X,255.4748056,1198,0.213429245,Y,255.4748056,1198,0.213429245,Z,Topography,13308.80462,63480,0.209653507,0,R_50x_res ---  -  - Users - schunk - Documents - USE-WEAR - RAMIOUL - LSM - R-007 - R-007_C2-01-a_50x09_LSM_Topo > Leveled (LS-plane),6/30/2020 5:08:57 PM,Surface,X,255.4748056,1198,0.213429245,Y,255.4748056,1198,0.213429245,Z,Topography,4745.507131,22635,0.209653507,0,R_50x_res ---  -  - Users - schunk - Documents - USE-WEAR - RAMIOUL - LSM - R-007 - R-007_C2-01-a_50x09_LSM_Topo > Leveled (LS-plane) > Form removed (LS-poly 3) > Outliers removed > Thresholded (0.1000 % ; 99.90 %) > S-filtered (Lambda-s 2.500 µm) > Filled-in non-measured points,6/30/2020 5:08:57 PM,Surface,X,255.4748056,1198,0.213429245,Y,255.4748056,1198,0.213429245,Z,Topography,2952.739027,140839,0.020965351,0,381.5303444,-1.718761815,8.243549197,794.8593411,2157.879686,2952.739027,269.9950165,79.01469097,393.4842448,1062.000371,17.44594663,0.361476513,36.00238277,0.111827374,0.616872567,0.010189035,0.403671989,0.010189035,0.280246878,0.333157352,0.070514636,2127.773443,409.8755117,2763.856011,179.9867476,33.76482355,135.0008173,15.99658418,0.002030092,0.01780705,1.072220292,3.524596806,0.145966519,0.361435986
07.09.2020,14:34:19,E:\USE-WEAR\archaeology\RAMIOUL\ConfoMap\R_pro --- R_50x_res ---  -  - Users - schunk - Documents - USE-WEAR - RAMIOUL - LSM - R-007 - R-007_C2-01-b_50x09_LSM_Topo.mnt,1.37654688,-3.597624659,-3358.026527,17.76378851,-0.021066282,5.13E-06,0.65759596,0.013147358,-1.10E-05,-0.004569264,1.74E-06,7.27E-07,R_50x_res ---  -  - Users - schunk - Documents - USE-WEAR - RAMIOUL - LSM - R-007 - R-007_C2-01-b_50x09_LSM_Topo,6/30/2020 5:26:52 PM,Surface,X,255.4748056,1198,0.213429245,Y,255.4748056,1198,0.213429245,Z,Topography,30067.55833,65467,0.459278084,0,R_50x_res ---  -  - Users - schunk - Documents - USE-WEAR - RAMIOUL - LSM - R-007 - R-007_C2-01-b_50x09_LSM_Topo > Leveled (LS-plane),6/30/2020 5:26:52 PM,Surface,X,255.4748056,1198,0.213429245,Y,255.4748056,1198,0.213429245,Z,Topography,15378.00809,33483,0.459278084,0,R_50x_res ---  -  - Users - schunk - Documents - USE-WEAR - RAMIOUL - LSM - R-007 - R-007_C2-01-b_50x09_LSM_Topo > Leveled (LS-plane) > Form removed (LS-poly 3) > Outliers removed > Thresholded (0.1000 % ; 99.90 %) > S-filtered (Lambda-s 2.500 µm) > Filled-in non-measured points,6/30/2020 5:26:52 PM,Surface,X,255.4748056,1198,0.213429245,Y,255.4748056,1198,0.213429245,Z,Topography,8086.004019,176059,0.045927808,0,911.7764552,-1.612833587,9.720619701,1956.937988,6129.066031,8086.004019,643.2220489,10.26370912,967.8471986,2100.7184,27.92658345,0.732014545,50.25102227,0.149482471,1.075638359,0.037144496,1.004972794,0.037144496,0.673568112,0.85495528,0.150017514,5271.456065,696.7136118,2374.362751,45.01352437,0.00066581,26.47938586,68.8172432,0.003137733,0.01832723,1.395281429,13.5028862,0.716256268,0.825116492
07.09.2020,14:34:42,E:\USE-WEAR\archaeology\RAMIOUL\ConfoMap\R_pro --- R_50x_res ---  -  - Users - schunk - Documents - USE-WEAR - RAMIOUL - LSM - R-007 - R-007_C2-01-c_50x09_LSM_Topo.mnt,-0.919556321,-1.781748372,-8420.838619,19.60333155,-0.009135311,-1.94E-06,12.52702506,0.000344975,-3.93E-06,-0.008120213,-7.45E-06,3.26E-06,R_50x_res ---  -  - Users - schunk - Documents - USE-WEAR - RAMIOUL - LSM - R-007 - R-007_C2-01-c_50x09_LSM_Topo,6/30/2020 5:36:44 PM,Surface,X,255.4748056,1198,0.213429245,Y,255.4748056,1198,0.213429245,Z,Topography,21801.30288,65635,0.332159715,0,R_50x_res ---  -  - Users - schunk - Documents - USE-WEAR - RAMIOUL - LSM - R-007 - R-007_C2-01-c_50x09_LSM_Topo > Leveled (LS-plane),6/30/2020 5:36:44 PM,Surface,X,255.4748056,1198,0.213429245,Y,255.4748056,1198,0.213429245,Z,Topography,14604.39834,43968,0.332159715,0,R_50x_res ---  -  - Users - schunk - Documents - USE-WEAR - RAMIOUL - LSM - R-007 - R-007_C2-01-c_50x09_LSM_Topo > Leveled (LS-plane) > Form removed (LS-poly 3) > Outliers removed > Thresholded (0.1000 % ; 99.90 %) > S-filtered (Lambda-s 2.500 µm) > Filled-in non-measured points,6/30/2020 5:36:44 PM,Surface,X,255.4748056,1198,0.213429245,Y,255.4748056,1198,0.213429245,Z,Topography,4748.25634,142951,0.033215971,0,741.2156792,-0.34815418,3.431447137,1819.30519,2928.95115,4748.25634,591.4342901,14.30942299,940.7950645,1525.2899,29.65447069,0.938230527,93.50352957,0.121094433,0.721385569,0.026313167,0.967092095,0.026313167,0.664671857,0.879140066,0.087952029,2474.008596,609.2455096,2441.655989,89.9918202,44.99803174,134.9753333,84.83551634,0.00133259,0.017212442,0.998283972,4.610763815,0.233210799,0.379376662
07.09.2020,14:35:05,E:\USE-WEAR\archaeology\RAMIOUL\ConfoMap\R_pro --- R_50x_res ---  -  - Users - schunk - Documents - USE-WEAR - RAMIOUL - LSM - R-008 - R-008_C1-02-a_50x09_LSM_Topo.mnt,-3.628010994,1.703971663,-3539.229977,2.239679667,-0.002816178,2.13E-06,20.69621749,-0.007117463,-2.47E-06,-0.023447571,9.23E-06,4.81E-06,R_50x_res ---  -  - Users - schunk - Documents - USE-WEAR - RAMIOUL - LSM - R-008 - R-008_C1-02-a_50x09_LSM_Topo,6/25/2020 3:23:05 PM,Surface,X,255.4748056,1198,0.213429245,Y,255.4748056,1198,0.213429245,Z,Topography,24768.61773,65591,0.3776222,0,R_50x_res ---  -  - Users - schunk - Documents - USE-WEAR - RAMIOUL - LSM - R-008 - R-008_C1-02-a_50x09_LSM_Topo > Leveled (LS-plane),6/25/2020 3:23:05 PM,Surface,X,255.4748056,1198,0.213429245,Y,255.4748056,1198,0.213429245,Z,Topography,10451.44963,27677,0.3776222,0,R_50x_res ---  -  - Users - schunk - Documents - USE-WEAR - RAMIOUL - LSM - R-008 - R-008_C1-02-a_50x09_LSM_Topo > Leveled (LS-plane) > Form removed (LS-poly 3) > Outliers removed > Thresholded (0.1000 % ; 99.90 %) > S-filtered (Lambda-s 2.500 µm) > Filled-in non-measured points,6/25/2020 3:23:05 PM,Surface,X,255.4748056,1198,0.213429245,Y,255.4748056,1198,0.213429245,Z,Topography,5058.929091,133968,0.03776222,0,745.3323623,-0.504175664,3.882142156,1894.379529,3164.549562,5058.929091,581.0993418,10.12924025,898.7962939,1613.773099,25.1381579,0.896179475,101.4972032,0.145508948,1.042567996,0.030088516,0.928871688,0.030088516,0.64412265,0.827131205,0.101740484,3052.320244,798.8890119,2207.865289,90.00717652,134.9664979,146.2620402,60.19706671,0.002411956,0.016788952,1.550166692,7.377919011,0.140306022,0.292739938
07.09.2020,14:35:28,E:\USE-WEAR\archaeology\RAMIOUL\ConfoMap\R_pro --- R_50x_res ---  -  - Users - schunk - Documents - USE-WEAR - RAMIOUL - LSM - R-008 - R-008_C1-02-b_50x09_LSM_Topo.mnt,0.247254167,0.821204102,3710.384344,-6.182987682,-6.14E-05,4.60E-06,-0.512748323,-0.000880667,-4.51E-06,-0.019013766,8.53E-06,1.54E-05,R_50x_res ---  -  - Users - schunk - Documents - USE-WEAR - RAMIOUL - LSM - R-008 - R-008_C1-02-b_50x09_LSM_Topo,6/25/2020 4:00:53 PM,Surface,X,255.4748056,1198,0.213429245,Y,255.4748056,1198,0.213429245,Z,Topography,13816.61249,63718,0.216840022,0,R_50x_res ---  -  - Users - schunk - Documents - USE-WEAR - RAMIOUL - LSM - R-008 - R-008_C1-02-b_50x09_LSM_Topo > Leveled (LS-plane),6/25/2020 4:00:53 PM,Surface,X,255.4748056,1198,0.213429245,Y,255.4748056,1198,0.213429245,Z,Topography,11651.03119,53731,0.216840022,0,R_50x_res ---  -  - Users - schunk - Documents - USE-WEAR - RAMIOUL - LSM - R-008 - R-008_C1-02-b_50x09_LSM_Topo > Leveled (LS-plane) > Form removed (LS-poly 3) > Outliers removed > Thresholded (0.1000 % ; 99.90 %) > S-filtered (Lambda-s 2.500 µm) > Filled-in non-measured points,6/25/2020 4:00:53 PM,Surface,X,255.4748056,1198,0.213429245,Y,255.4748056,1198,0.213429245,Z,Topography,6561.57905,302600,0.021684002,0,1028.49727,-0.117354318,3.106287478,3425.682028,3135.897023,6561.57905,821.4070535,1.066489793,1237.734145,2237.331707,25.46000942,0.716166584,86.23961706,0.189390647,1.744479261,0.048919879,1.286664063,0.048919879,0.921944506,1.161497788,0.125166275,3116.23397,1151.039541,2188.996633,89.98948594,0.003322756,135.0078594,75.83246536,0.00222062,0.017292386,2.618863213,7.890413111,0.445586482,0.567655715
07.09.2020,14:35:52,E:\USE-WEAR\archaeology\RAMIOUL\ConfoMap\R_pro --- R_50x_res ---  -  - Users - schunk - Documents - USE-WEAR - RAMIOUL - LSM - R-008 - R-008_C1-02-c_50x09_LSM_Topo.mnt,-1.021769836,2.146543115,3290.180418,-12.57406979,0.030048434,-1.58E-05,-15.85102071,-0.001285071,-2.20E-07,0.016493202,-4.37E-06,8.55E-08,R_50x_res ---  -  - Users - schunk - Documents - USE-WEAR - RAMIOUL - LSM - R-008 - R-008_C1-02-c_50x09_LSM_Topo,6/25/2020 4:12:31 PM,Surface,X,255.4748056,1198,0.213429245,Y,255.4748056,1198,0.213429245,Z,Topography,19761.75891,59931,0.329741852,0,R_50x_res ---  -  - Users - schunk - Documents - USE-WEAR - RAMIOUL - LSM - R-008 - R-008_C1-02-c_50x09_LSM_Topo > Leveled (LS-plane),6/25/2020 4:12:31 PM,Surface,X,255.4748056,1198,0.213429245,Y,255.4748056,1198,0.213429245,Z,Topography,12878.39776,39056,0.329741852,0,R_50x_res ---  -  - Users - schunk - Documents - USE-WEAR - RAMIOUL - LSM - R-008 - R-008_C1-02-c_50x09_LSM_Topo > Leveled (LS-plane) > Form removed (LS-poly 3) > Outliers removed > Thresholded (0.1000 % ; 99.90 %) > S-filtered (Lambda-s 2.500 µm) > Filled-in non-measured points,6/25/2020 4:12:31 PM,Surface,X,255.4748056,1198,0.213429245,Y,255.4748056,1198,0.213429245,Z,Topography,4824.090315,146299,0.032974185,0,792.0819471,0.302878182,3.269047799,2635.62662,2188.463695,4824.090315,622.235017,2.989099772,1015.853606,1456.829971,21.7004439,0.798778626,78.00974331,0.166879975,1.368130592,0.04782149,1.063673776,0.04782149,0.675174428,0.981316738,0.082357038,3067.841248,1072.216738,2165.880919,90.00369399,45.00939789,134.9914286,71.8620492,0.001711308,0.017144702,2.075479738,9.651555589,0.146734969,0.316384361
07.09.2020,14:36:15,E:\USE-WEAR\archaeology\RAMIOUL\ConfoMap\R_pro --- R_50x_res ---  -  - Users - schunk - Documents - USE-WEAR - RAMIOUL - LSM - R-010 - R-010_B2-01-a_50x09_LSM_Topo.mnt,-0.954340061,2.246341703,-325.1985969,7.246325663,-0.013375267,6.44E-06,-5.553095902,-0.003996543,7.12E-06,0.013180587,-4.70E-06,-6.10E-06,R_50x_res ---  -  - Users - schunk - Documents - USE-WEAR - RAMIOUL - LSM - R-010 - R-010_B2-01-a_50x09_LSM_Topo,6/30/2020 3:43:13 PM,Surface,X,255.4748056,1198,0.213429245,Y,255.4748056,1198,0.213429245,Z,Topography,18217.87752,63271,0.287934086,0,R_50x_res ---  -  - Users - schunk - Documents - USE-WEAR - RAMIOUL - LSM - R-010 - R-010_B2-01-a_50x09_LSM_Topo > Leveled (LS-plane),6/30/2020 3:43:13 PM,Surface,X,255.4748056,1198,0.213429245,Y,255.4748056,1198,0.213429245,Z,Topography,7890.833612,27405,0.287934086,0,R_50x_res ---  -  - Users - schunk - Documents - USE-WEAR - RAMIOUL - LSM - R-010 - R-010_B2-01-a_50x09_LSM_Topo > Leveled (LS-plane) > Form removed (LS-poly 3) > Outliers removed > Thresholded (0.1000 % ; 99.90 %) > S-filtered (Lambda-s 2.500 µm) > Filled-in non-measured points,6/30/2020 3:43:13 PM,Surface,X,255.4748056,1198,0.213429245,Y,255.4748056,1198,0.213429245,Z,Topography,4344.522242,150886,0.028793409,0,663.0132426,-0.386399933,3.404964067,1982.311005,2362.211237,4344.522242,517.5323848,5.325613079,765.1139243,1558.564863,17.30024266,0.651343479,16.74458619,0.168143359,1.382147179,0.031403672,0.796520133,0.031403672,0.580160115,0.703507625,0.093012508,2866.786929,924.321931,2209.447405,179.9960493,44.99013947,26.4805316,75.34100784,0.001164136,0.01805072,2.277369403,7.377919011,0.204312872,0.340950209
07.09.2020,14:36:38,E:\USE-WEAR\archaeology\RAMIOUL\ConfoMap\R_pro --- R_50x_res ---  -  - Users - schunk - Documents - USE-WEAR - RAMIOUL - LSM - R-010 - R-010_B2-01-b_50x09_LSM_Topo.mnt,0.109403561,2.115408937,-750.4192636,-2.367905746,0.011660301,-8.48E-06,2.405842616,-0.000295479,2.43E-06,-0.005598725,-4.64E-06,5.15E-06,R_50x_res ---  -  - Users - schunk - Documents - USE-WEAR - RAMIOUL - LSM - R-010 - R-010_B2-01-b_50x09_LSM_Topo,6/30/2020 3:52:20 PM,Surface,X,255.4748056,1198,0.213429245,Y,255.4748056,1198,0.213429245,Z,Topography,18758.34035,63023,0.297642771,0,R_50x_res ---  -  - Users - schunk - Documents - USE-WEAR - RAMIOUL - LSM - R-010 - R-010_B2-01-b_50x09_LSM_Topo > Leveled (LS-plane),6/30/2020 3:52:20 PM,Surface,X,255.4748056,1198,0.213429245,Y,255.4748056,1198,0.213429245,Z,Topography,14658.31118,49248,0.297642771,0,R_50x_res ---  -  - Users - schunk - Documents - USE-WEAR - RAMIOUL - LSM - R-010 - R-010_B2-01-b_50x09_LSM_Topo > Leveled (LS-plane) > Form removed (LS-poly 3) > Outliers removed > Thresholded (0.1000 % ; 99.90 %) > S-filtered (Lambda-s 2.500 µm) > Filled-in non-measured points,6/30/2020 3:52:20 PM,Surface,X,255.4748056,1198,0.213429245,Y,255.4748056,1198,0.213429245,Z,Topography,7790.650706,261745,0.029764277,0,821.9461186,-0.327060566,5.61665722,3455.84092,4334.809786,7790.650706,609.6117001,0.452668654,912.0100581,1725.55123,16.84246205,0.794769455,50.50395741,0.221323286,2.353470638,0.050915414,0.962922133,0.050915414,0.637463361,0.853488807,0.109433326,4524.765403,1095.171392,2243.978903,0.00474006,134.996549,153.5416059,81.39085644,0.001648103,0.017965798,4.028359934,8.438506708,0.273053877,0.362022781
07.09.2020,14:37:01,E:\USE-WEAR\archaeology\RAMIOUL\ConfoMap\R_pro --- R_50x_res ---  -  - Users - schunk - Documents - USE-WEAR - RAMIOUL - LSM - R-010 - R-010_B2-01-c_50x09_LSM_Topo.mnt,0.521015464,2.626286052,-951.0885396,14.86041499,-0.025265383,1.11E-05,-7.552471167,-0.000215376,4.87E-07,0.015717204,1.67E-06,-9.74E-06,R_50x_res ---  -  - Users - schunk - Documents - USE-WEAR - RAMIOUL - LSM - R-010 - R-010_B2-01-c_50x09_LSM_Topo,6/30/2020 4:03:01 PM,Surface,X,255.4748056,1198,0.213429245,Y,255.4748056,1198,0.213429245,Z,Topography,18114.32864,62913,0.287926639,0,R_50x_res ---  -  - Users - schunk - Documents - USE-WEAR - RAMIOUL - LSM - R-010 - R-010_B2-01-c_50x09_LSM_Topo > Leveled (LS-plane),6/30/2020 4:03:01 PM,Surface,X,255.4748056,1198,0.213429245,Y,255.4748056,1198,0.213429245,Z,Topography,11284.99669,39194,0.287926639,0,R_50x_res ---  -  - Users - schunk - Documents - USE-WEAR - RAMIOUL - LSM - R-010 - R-010_B2-01-c_50x09_LSM_Topo > Leveled (LS-plane) > Form removed (LS-poly 3) > Outliers removed > Thresholded (0.1000 % ; 99.90 %) > S-filtered (Lambda-s 2.500 µm) > Filled-in non-measured points,6/30/2020 4:03:01 PM,Surface,X,255.4748056,1198,0.213429245,Y,255.4748056,1198,0.213429245,Z,Topography,7311.234766,253927,0.028792664,0,795.4986539,1.087126342,8.344102259,4803.710459,2507.524306,7311.234766,576.8050578,0.517563793,889.0365544,1414.834335,22.04772777,0.662613474,39.00067271,0.15009247,1.096760477,0.058109445,0.947160216,0.058109445,0.615469501,0.863523265,0.08363695,2782.71499,817.8050924,2196.518072,0.016887749,90.00749188,134.9800438,68.85931907,0.001347834,0.018199429,1.577863925,6.898712167,0.290163106,0.44627845
07.09.2020,14:37:25,E:\USE-WEAR\archaeology\RAMIOUL\ConfoMap\R_pro --- R_50x_res ---  -  - Users - schunk - Documents - USE-WEAR - RAMIOUL - LSM - R-010 - R-010_C1-01-a_50x09_LSM_Topo.mnt,-1.006912866,2.501825573,-6017.652825,17.71150086,-0.015882542,3.29E-06,14.99466885,-0.010828272,1.21E-06,-0.013670351,5.59E-06,2.53E-06,R_50x_res ---  -  - Users - schunk - Documents - USE-WEAR - RAMIOUL - LSM - R-010 - R-010_C1-01-a_50x09_LSM_Topo,6/30/2020 3:04:07 PM,Surface,X,255.4748056,1198,0.213429245,Y,255.4748056,1198,0.213429245,Z,Topography,16972.58753,65210,0.26027584,0,R_50x_res ---  -  - Users - schunk - Documents - USE-WEAR - RAMIOUL - LSM - R-010 - R-010_C1-01-a_50x09_LSM_Topo > Leveled (LS-plane),6/30/2020 3:04:07 PM,Surface,X,255.4748056,1198,0.213429245,Y,255.4748056,1198,0.213429245,Z,Topography,18533.46174,71207,0.26027584,0,R_50x_res ---  -  - Users - schunk - Documents - USE-WEAR - RAMIOUL - LSM - R-010 - R-010_C1-01-a_50x09_LSM_Topo > Leveled (LS-plane) > Form removed (LS-poly 3) > Outliers removed > Thresholded (0.1000 % ; 99.90 %) > S-filtered (Lambda-s 2.500 µm) > Filled-in non-measured points,6/30/2020 3:04:07 PM,Surface,X,255.4748056,1198,0.213429245,Y,255.4748056,1198,0.213429245,Z,Topography,6378.4759,245066,0.026027584,0,855.5783649,-0.093980474,4.098550988,2806.944796,3571.531104,6378.4759,646.6260263,2.487118452,993.6814865,1758.424984,27.55494456,0.860482477,66.50621241,0.139828715,0.910712221,0.053493041,1.047171876,0.053493041,0.680895689,0.934141926,0.11302995,3864.089824,768.9600124,1704.466668,90.01131056,134.9953535,0.007141617,77.05235854,0.002507808,0.017492635,1.32015917,11.80578558,0.533897061,1.329243939
07.09.2020,14:37:48,E:\USE-WEAR\archaeology\RAMIOUL\ConfoMap\R_pro --- R_50x_res ---  -  - Users - schunk - Documents - USE-WEAR - RAMIOUL - LSM - R-010 - R-010_C1-01-b_50x09_LSM_Topo.mnt,0.841604071,2.383370087,1734.57414,2.085023226,-0.001083531,-2.06E-06,-21.27573256,0.006970137,1.97E-06,0.038765294,-7.78E-06,-1.91E-05,R_50x_res ---  -  - Users - schunk - Documents - USE-WEAR - RAMIOUL - LSM - R-010 - R-010_C1-01-b_50x09_LSM_Topo,6/30/2020 3:16:46 PM,Surface,X,255.4748056,1198,0.213429245,Y,255.4748056,1198,0.213429245,Z,Topography,26795.91649,61492,0.435762644,0,R_50x_res ---  -  - Users - schunk - Documents - USE-WEAR - RAMIOUL - LSM - R-010 - R-010_C1-01-b_50x09_LSM_Topo > Leveled (LS-plane),6/30/2020 3:16:46 PM,Surface,X,255.4748056,1198,0.213429245,Y,255.4748056,1198,0.213429245,Z,Topography,20445.11172,46918,0.435762644,0,R_50x_res ---  -  - Users - schunk - Documents - USE-WEAR - RAMIOUL - LSM - R-010 - R-010_C1-01-b_50x09_LSM_Topo > Leveled (LS-plane) > Form removed (LS-poly 3) > Outliers removed > Thresholded (0.1000 % ; 99.90 %) > S-filtered (Lambda-s 2.500 µm) > Filled-in non-measured points,6/30/2020 3:16:46 PM,Surface,X,255.4748056,1198,0.213429245,Y,255.4748056,1198,0.213429245,Z,Topography,14362.34455,329591,0.043576264,0,1390.793856,-4.567792378,34.6914655,2234.634413,12127.71014,14362.34455,761.6333318,8.832342733,1181.887995,2665.593511,19.23460029,0.715280256,64.99966736,0.25983336,2.046341895,0.035746685,1.217627447,0.035746685,0.686458167,0.98050825,0.237119197,10001.37364,1196.882544,1733.196303,63.55117758,56.25014402,71.43184822,64.77909483,0.001505529,0.017097369,3.280691778,115.8068023,2.196102634,5.090037393
07.09.2020,14:38:11,E:\USE-WEAR\archaeology\RAMIOUL\ConfoMap\R_pro --- R_50x_res ---  -  - Users - schunk - Documents - USE-WEAR - RAMIOUL - LSM - R-010 - R-010_C1-01-c_50x09_LSM_Topo.mnt,1.415085517,3.584707152,-2216.126027,3.560638762,-0.00329055,1.61E-06,5.898594508,-0.003871627,8.58E-08,-0.000649845,1.17E-06,-2.85E-06,R_50x_res ---  -  - Users - schunk - Documents - USE-WEAR - RAMIOUL - LSM - R-010 - R-010_C1-01-c_50x09_LSM_Topo,6/30/2020 3:28:00 PM,Surface,X,255.4748056,1198,0.213429245,Y,255.4748056,1198,0.213429245,Z,Topography,23282.08393,66079,0.352337111,0,R_50x_res ---  -  - Users - schunk - Documents - USE-WEAR - RAMIOUL - LSM - R-010 - R-010_C1-01-c_50x09_LSM_Topo > Leveled (LS-plane),6/30/2020 3:28:00 PM,Surface,X,255.4748056,1198,0.213429245,Y,255.4748056,1198,0.213429245,Z,Topography,11809.98761,33519,0.352337111,0,R_50x_res ---  -  - Users - schunk - Documents - USE-WEAR - RAMIOUL - LSM - R-010 - R-010_C1-01-c_50x09_LSM_Topo > Leveled (LS-plane) > Form removed (LS-poly 3) > Outliers removed > Thresholded (0.1000 % ; 99.90 %) > S-filtered (Lambda-s 2.500 µm) > Filled-in non-measured points,6/30/2020 3:28:00 PM,Surface,X,255.4748056,1198,0.213429245,Y,255.4748056,1198,0.213429245,Z,Topography,3613.463705,102557,0.035233711,0,426.3761966,-0.145813073,3.961171829,1986.018591,1627.445114,3613.463705,325.5339217,0.933415554,510.5589767,915.8060234,20.34011498,0.891613076,93.50131992,0.103699064,0.530332554,0.022143368,0.532708245,0.022143368,0.361929565,0.474624437,0.058083808,1849.593662,525.4565583,2123.676817,45.01440715,90.00864896,134.9998642,81.09955784,0.001395783,0.017216855,0.832239028,6.450630522,0.406124462,0.712184263
07.09.2020,14:38:34,E:\USE-WEAR\archaeology\RAMIOUL\ConfoMap\R_pro --- R_50x_res ---  -  - Users - schunk - Documents - USE-WEAR - RAMIOUL - LSM - R-013 - R-013_C1-01-a_50x09_LSM_Topo.mnt,-1.600286432,-5.468850771,-4333.818762,10.94534219,-0.009431432,2.12E-06,2.554941424,0.009809226,-4.53E-06,0.002690354,-1.05E-05,-1.51E-06,R_50x_res ---  -  - Users - schunk - Documents - USE-WEAR - RAMIOUL - LSM - R-013 - R-013_C1-01-a_50x09_LSM_Topo,7/15/2020 10:25:23 AM,Surface,X,255.4748056,1198,0.213429245,Y,255.4748056,1198,0.213429245,Z,Topography,35870.5254,65132,0.55073582,0,R_50x_res ---  -  - Users - schunk - Documents - USE-WEAR - RAMIOUL - LSM - R-013 - R-013_C1-01-a_50x09_LSM_Topo > Leveled (LS-plane),7/15/2020 10:25:23 AM,Surface,X,255.4748056,1198,0.213429245,Y,255.4748056,1198,0.213429245,Z,Topography,11374.89762,20654,0.55073582,0,R_50x_res ---  -  - Users - schunk - Documents - USE-WEAR - RAMIOUL - LSM - R-013 - R-013_C1-01-a_50x09_LSM_Topo > Leveled (LS-plane) > Form removed (LS-poly 3) > Outliers removed > Thresholded (0.1000 % ; 99.90 %) > S-filtered (Lambda-s 2.500 µm) > Filled-in non-measured points,7/15/2020 10:25:23 AM,Surface,X,255.4748056,1198,0.213429245,Y,255.4748056,1198,0.213429245,Z,Topography,4900.667617,88984,0.055073582,0,658.6230369,-0.195636102,4.121182793,2378.352637,2522.31498,4900.667617,491.1663056,2.54768337,733.3664571,1522.946959,23.89068558,0.841131935,16.99950821,0.180032091,1.551771195,0.043031831,0.776424118,0.043031831,0.523853896,0.681982181,0.094441937,3036.950067,644.3322496,2669.179426,179.9967735,26.45720537,89.97623827,78.04102531,4.00E-05,0.017751292,2.81230877,4.610763815,0.502195942,0.802784238
07.09.2020,14:38:57,E:\USE-WEAR\archaeology\RAMIOUL\ConfoMap\R_pro --- R_50x_res ---  -  - Users - schunk - Documents - USE-WEAR - RAMIOUL - LSM - R-013 - R-013_C1-01-b_50x09_LSM_Topo.mnt,-0.629052808,-3.878885787,4285.904166,-3.862577094,-0.014237178,8.79E-06,-12.16113846,0.036177132,-4.15E-06,-0.000393368,-1.91E-05,5.14E-06,R_50x_res ---  -  - Users - schunk - Documents - USE-WEAR - RAMIOUL - LSM - R-013 - R-013_C1-01-b_50x09_LSM_Topo,7/15/2020 10:38:31 AM,Surface,X,255.4748056,1198,0.213429245,Y,255.4748056,1198,0.213429245,Z,Topography,25791.52539,65086,0.396268405,0,R_50x_res ---  -  - Users - schunk - Documents - USE-WEAR - RAMIOUL - LSM - R-013 - R-013_C1-01-b_50x09_LSM_Topo > Leveled (LS-plane),7/15/2020 10:38:31 AM,Surface,X,255.4748056,1198,0.213429245,Y,255.4748056,1198,0.213429245,Z,Topography,14931.39349,37680,0.396268405,0,R_50x_res ---  -  - Users - schunk - Documents - USE-WEAR - RAMIOUL - LSM - R-013 - R-013_C1-01-b_50x09_LSM_Topo > Leveled (LS-plane) > Form removed (LS-poly 3) > Outliers removed > Thresholded (0.1000 % ; 99.90 %) > S-filtered (Lambda-s 2.500 µm) > Filled-in non-measured points,7/15/2020 10:38:31 AM,Surface,X,255.4748056,1198,0.213429245,Y,255.4748056,1198,0.213429245,Z,Topography,7391.792688,186535,0.03962684,0,868.7429757,-1.18887264,7.331660727,2340.440452,5051.352236,7391.792688,625.6443216,4.402630901,917.6175578,2143.936351,23.6385892,0.806727197,8.759297924,0.161532824,1.263360938,0.042902032,0.960528577,0.042902032,0.650936936,0.825876155,0.134652422,3423.957151,714.5656515,2523.481259,0.000891665,89.99596022,134.9963556,84.35975798,0.003037557,0.018268849,2.0204207,4.610763815,0.568555335,0.782973228
07.09.2020,14:39:20,E:\USE-WEAR\archaeology\RAMIOUL\ConfoMap\R_pro --- R_50x_res ---  -  - Users - schunk - Documents - USE-WEAR - RAMIOUL - LSM - R-013 - R-013_C1-01-c_50x09_LSM_Topo.mnt,3.866023223,2.512868308,-58096.19894,129.9833198,-0.039599054,-2.38E-05,158.7011744,-0.263238221,8.80E-05,-0.079052121,8.93E-05,-9.71E-06,R_50x_res ---  -  - Users - schunk - Documents - USE-WEAR - RAMIOUL - LSM - R-013 - R-013_C1-01-c_50x09_LSM_Topo,7/15/2020 11:05:37 AM,Surface,X,255.4748056,1198,0.213429245,Y,255.4748056,1198,0.213429245,Z,Topography,66803.77216,65408,1.021339472,0,R_50x_res ---  -  - Users - schunk - Documents - USE-WEAR - RAMIOUL - LSM - R-013 - R-013_C1-01-c_50x09_LSM_Topo > Leveled (LS-plane),7/15/2020 11:05:37 AM,Surface,X,255.4748056,1198,0.213429245,Y,255.4748056,1198,0.213429245,Z,Topography,55909.14402,54741,1.021339472,0,R_50x_res ---  -  - Users - schunk - Documents - USE-WEAR - RAMIOUL - LSM - R-013 - R-013_C1-01-c_50x09_LSM_Topo > Leveled (LS-plane) > Form removed (LS-poly 3) > Outliers removed > Thresholded (0.1000 % ; 99.90 %) > S-filtered (Lambda-s 2.500 µm) > Filled-in non-measured points,7/15/2020 11:05:37 AM,Surface,X,255.4748056,1198,0.213429245,Y,255.4748056,1198,0.213429245,Z,Topography,23962.76882,234621,0.102133947,0,2272.771327,-0.128401006,6.993512515,12491.59454,11471.17428,23962.76882,1600.864691,0.16836032,2479.487639,5045.956275,20.84663943,0.295180391,51.25602639,0.291867764,3.75204305,0.156631304,2.636076402,0.156631304,1.596480512,2.307078949,0.328997453,8373.6355,1685.852913,2176.179807,0.023725447,89.99463587,45.00011908,36.89580299,0.001568132,0.01702903,4.172210535,811.9774305,0.913646403,1.770324479
07.09.2020,14:39:43,E:\USE-WEAR\archaeology\RAMIOUL\ConfoMap\R_pro --- R_50x_res ---  -  - Users - schunk - Documents - USE-WEAR - RAMIOUL - LSM - R-013 - R-013_C1-02-a_50x09_LSM_Topo.mnt,1.619069299,-0.27015268,-4868.91101,4.106216532,-0.014884527,6.28E-06,30.59852629,0.013392044,1.12E-08,-0.040178077,-5.06E-06,1.02E-05,R_50x_res ---  -  - Users - schunk - Documents - USE-WEAR - RAMIOUL - LSM - R-013 - R-013_C1-02-a_50x09_LSM_Topo,7/14/2020 4:45:44 PM,Surface,X,255.4748056,1198,0.213429245,Y,255.4748056,1198,0.213429245,Z,Topography,23285.42163,65423,0.355921031,0,R_50x_res ---  -  - Users - schunk - Documents - USE-WEAR - RAMIOUL - LSM - R-013 - R-013_C1-02-a_50x09_LSM_Topo > Leveled (LS-plane),7/14/2020 4:45:44 PM,Surface,X,255.4748056,1198,0.213429245,Y,255.4748056,1198,0.213429245,Z,Topography,21422.88687,60190,0.355921031,0,R_50x_res ---  -  - Users - schunk - Documents - USE-WEAR - RAMIOUL - LSM - R-013 - R-013_C1-02-a_50x09_LSM_Topo > Leveled (LS-plane) > Form removed (LS-poly 3) > Outliers removed > Thresholded (0.1000 % ; 99.90 %) > S-filtered (Lambda-s 2.500 µm) > Filled-in non-measured points,7/14/2020 4:45:44 PM,Surface,X,255.4748056,1198,0.213429245,Y,255.4748056,1198,0.213429245,Z,Topography,14832.40391,416733,0.035592103,0,1387.302314,-2.086793718,14.22276866,3317.717893,11514.68602,14832.40391,984.0127027,1.38344014,1365.297662,3168.127947,29.14140964,0.73905078,68.75245778,0.201607476,1.69194435,0.043682558,1.408996533,0.043682558,1.097875035,1.180411079,0.228585454,9861.361646,857.4481398,2388.499829,90.0123589,63.53606923,116.5011151,81.77561061,0.00179523,0.016989987,2.134029327,13.5028862,0.944835005,1.297449873
07.09.2020,14:40:07,E:\USE-WEAR\archaeology\RAMIOUL\ConfoMap\R_pro --- R_50x_res ---  -  - Users - schunk - Documents - USE-WEAR - RAMIOUL - LSM - R-013 - R-013_C1-02-b_50x09_LSM_Topo.mnt,4.146880454,-2.417593127,-11582.88693,39.58031433,-0.035874168,8.78E-06,15.20130142,-0.027030852,1.15E-05,0.000886982,1.32E-08,-4.32E-06,R_50x_res ---  -  - Users - schunk - Documents - USE-WEAR - RAMIOUL - LSM - R-013 - R-013_C1-02-b_50x09_LSM_Topo,7/14/2020 5:02:25 PM,Surface,X,255.4748056,1198,0.213429245,Y,255.4748056,1198,0.213429245,Z,Topography,34067.88742,64380,0.529168801,0,R_50x_res ---  -  - Users - schunk - Documents - USE-WEAR - RAMIOUL - LSM - R-013 - R-013_C1-02-b_50x09_LSM_Topo > Leveled (LS-plane),7/14/2020 5:02:25 PM,Surface,X,255.4748056,1198,0.213429245,Y,255.4748056,1198,0.213429245,Z,Topography,20581.49135,38894,0.529168801,0,R_50x_res ---  -  - Users - schunk - Documents - USE-WEAR - RAMIOUL - LSM - R-013 - R-013_C1-02-b_50x09_LSM_Topo > Leveled (LS-plane) > Form removed (LS-poly 3) > Outliers removed > Thresholded (0.1000 % ; 99.90 %) > S-filtered (Lambda-s 2.500 µm) > Filled-in non-measured points,7/14/2020 5:02:25 PM,Surface,X,255.4748056,1198,0.213429245,Y,255.4748056,1198,0.213429245,Z,Topography,17350.17499,327876,0.05291688,0,1881.406532,-1.191537179,8.92526218,6597.094528,10753.08046,17350.17499,1273.071126,0.464513743,1999.680031,4363.482061,26.52091294,0.774293216,69.50583974,0.229184514,2.303060847,0.099262104,2.098922508,0.099262104,1.158860206,1.796388798,0.30253371,7906.522727,1186.338514,2423.29519,90.01893587,63.52162484,134.9981028,89.24155645,0.005729859,0.018433956,2.729248009,11.80578558,0.812949998,1.387189421
07.09.2020,14:40:32,E:\USE-WEAR\archaeology\RAMIOUL\ConfoMap\R_pro --- R_50x_res ---  -  - Users - schunk - Documents - USE-WEAR - RAMIOUL - LSM - R-013 - R-013_C1-02-c_50x09_LSM_Topo.mnt,1.161884545,-6.258110216,-518.783787,-0.237604488,0.005423628,-1.16E-05,-2.768108451,0.014783371,1.39E-05,0.008579601,-2.10E-05,-6.14E-06,R_50x_res ---  -  - Users - schunk - Documents - USE-WEAR - RAMIOUL - LSM - R-013 - R-013_C1-02-c_50x09_LSM_Topo,7/14/2020 5:27:00 PM,Surface,X,255.4748056,1198,0.213429245,Y,255.4748056,1198,0.213429245,Z,Topography,52955.18173,65376,0.81000951,0,R_50x_res ---  -  - Users - schunk - Documents - USE-WEAR - RAMIOUL - LSM - R-013 - R-013_C1-02-c_50x09_LSM_Topo > Leveled (LS-plane),7/14/2020 5:27:00 PM,Surface,X,255.4748056,1198,0.213429245,Y,255.4748056,1198,0.213429245,Z,Topography,30714.75061,37919,0.81000951,0,R_50x_res ---  -  - Users - schunk - Documents - USE-WEAR - RAMIOUL - LSM - R-013 - R-013_C1-02-c_50x09_LSM_Topo > Leveled (LS-plane) > Form removed (LS-poly 3) > Outliers removed > Thresholded (0.1000 % ; 99.90 %) > S-filtered (Lambda-s 2.500 µm) > Filled-in non-measured points,7/14/2020 5:27:00 PM,Surface,X,255.4748056,1198,0.213429245,Y,255.4748056,1198,0.213429245,Z,Topography,19991.60172,246807,0.081000951,0,2095.424994,-2.878175657,17.22443274,4238.293761,15753.30796,19991.60172,1351.392634,1.271290483,1811.557951,5190.982075,24.38000525,0.754184456,92.99916341,0.280010923,2.687071575,0.061018688,1.872582238,0.061018688,1.31320975,1.471602946,0.400979292,11411.22498,1188.096112,2389.098164,90.01596922,179.999703,135.015948,85.77268753,0.002955741,0.017091663,3.377055549,77.39963644,1.413072056,2.742013701
07.09.2020,14:40:55,E:\USE-WEAR\archaeology\RAMIOUL\ConfoMap\R_pro --- R_50x_res ---  -  - Users - schunk - Documents - USE-WEAR - RAMIOUL - LSM - R-013 - R-013_C3-01-a_50x09_LSM_Topo.mnt,-1.658831878,-1.11324571,-1787.540475,13.97366873,-0.01440468,4.07E-06,5.038610042,-0.023819018,5.39E-06,-0.006439801,1.76E-05,1.34E-06,R_50x_res ---  -  - Users - schunk - Documents - USE-WEAR - RAMIOUL - LSM - R-013 - R-013_C3-01-a_50x09_LSM_Topo,6/30/2020 2:06:00 PM,Surface,X,255.4748056,1198,0.213429245,Y,255.4748056,1198,0.213429245,Z,Topography,15547.72395,59733,0.26028701,0,R_50x_res ---  -  - Users - schunk - Documents - USE-WEAR - RAMIOUL - LSM - R-013 - R-013_C3-01-a_50x09_LSM_Topo > Leveled (LS-plane),6/30/2020 2:06:00 PM,Surface,X,255.4748056,1198,0.213429245,Y,255.4748056,1198,0.213429245,Z,Topography,10984.3721,42201,0.26028701,0,R_50x_res ---  -  - Users - schunk - Documents - USE-WEAR - RAMIOUL - LSM - R-013 - R-013_C3-01-a_50x09_LSM_Topo > Leveled (LS-plane) > Form removed (LS-poly 3) > Outliers removed > Thresholded (0.1000 % ; 99.90 %) > S-filtered (Lambda-s 2.500 µm) > Filled-in non-measured points,6/30/2020 2:06:00 PM,Surface,X,255.4748056,1198,0.213429245,Y,255.4748056,1198,0.213429245,Z,Topography,3359.394291,129065,0.026028701,0,477.8228391,0.18401121,3.314355057,1648.397633,1710.996658,3359.394291,385.002094,6.702238353,546.8270857,852.9135385,18.42662885,*****,16.98262965,0.073189177,0.261117846,0.030818384,0.577653555,0.030818384,0.43206312,0.531154988,0.046498567,2508.420618,510.8696462,1375.979742,135.0022319,44.99260663,0.00569445,10.76765308,0.004181264,0.019157184,0.338389509,9.651555589,1.091312398,9.681436157
07.09.2020,14:41:17,E:\USE-WEAR\archaeology\RAMIOUL\ConfoMap\R_pro --- R_50x_res ---  -  - Users - schunk - Documents - USE-WEAR - RAMIOUL - LSM - R-013 - R-013_C3-01-b_50x09_LSM_Topo.mnt,-1.966055271,-2.93886617,-2072.715292,20.8969341,-0.026499359,8.00E-06,-3.326982199,-0.010068031,8.98E-06,0.001649134,2.11E-07,2.28E-06,R_50x_res ---  -  - Users - schunk - Documents - USE-WEAR - RAMIOUL - LSM - R-013 - R-013_C3-01-b_50x09_LSM_Topo,6/30/2020 2:28:03 PM,Surface,X,255.4748056,1198,0.213429245,Y,255.4748056,1198,0.213429245,Z,Topography,23113.2352,65178,0.354617129,0,R_50x_res ---  -  - Users - schunk - Documents - USE-WEAR - RAMIOUL - LSM - R-013 - R-013_C3-01-b_50x09_LSM_Topo > Leveled (LS-plane),6/30/2020 2:28:03 PM,Surface,X,255.4748056,1198,0.213429245,Y,255.4748056,1198,0.213429245,Z,Topography,10221.1295,28823,0.354617129,0,R_50x_res ---  -  - Users - schunk - Documents - USE-WEAR - RAMIOUL - LSM - R-013 - R-013_C3-01-b_50x09_LSM_Topo > Leveled (LS-plane) > Form removed (LS-poly 3) > Outliers removed > Thresholded (0.1000 % ; 99.90 %) > S-filtered (Lambda-s 2.500 µm) > Filled-in non-measured points,6/30/2020 2:28:03 PM,Surface,X,255.4748056,1198,0.213429245,Y,255.4748056,1198,0.213429245,Z,Topography,5360.144283,151153,0.035461713,0,796.9604431,-0.03166884,3.327456146,2288.628024,3071.516259,5360.144283,624.4516617,5.353557468,986.3375617,1597.103094,28.64859857,*****,30.00307203,0.100700485,0.496909494,0.043169339,1.029493746,0.043169339,0.69505539,0.938523875,0.090969871,2952.471289,663.6360043,1560.163349,26.47423395,179.9901657,44.99206018,60.38265061,0.001643534,0.018374316,0.636733899,9.651555589,1.076064128,2.114881201
07.09.2020,14:41:40,E:\USE-WEAR\archaeology\RAMIOUL\ConfoMap\R_pro --- R_50x_res ---  -  - Users - schunk - Documents - USE-WEAR - RAMIOUL - LSM - R-013 - R-013_C3-01-c_50x09_LSM_Topo.mnt,-1.623208559,-4.078321918,2341.708201,6.965474811,-0.010396692,3.93E-06,-19.81818576,-0.008436878,9.89E-06,0.028724109,-3.41E-06,-9.15E-06,R_50x_res ---  -  - Users - schunk - Documents - USE-WEAR - RAMIOUL - LSM - R-013 - R-013_C3-01-c_50x09_LSM_Topo,6/30/2020 2:46:45 PM,Surface,X,255.4748056,1198,0.213429245,Y,255.4748056,1198,0.213429245,Z,Topography,31147.62909,61811,0.503917249,0,R_50x_res ---  -  - Users - schunk - Documents - USE-WEAR - RAMIOUL - LSM - R-013 - R-013_C3-01-c_50x09_LSM_Topo > Leveled (LS-plane),6/30/2020 2:46:45 PM,Surface,X,255.4748056,1198,0.213429245,Y,255.4748056,1198,0.213429245,Z,Topography,17153.34316,34040,0.503917249,0,R_50x_res ---  -  - Users - schunk - Documents - USE-WEAR - RAMIOUL - LSM - R-013 - R-013_C3-01-c_50x09_LSM_Topo > Leveled (LS-plane) > Form removed (LS-poly 3) > Outliers removed > Thresholded (0.1000 % ; 99.90 %) > S-filtered (Lambda-s 2.500 µm) > Filled-in non-measured points,6/30/2020 2:46:45 PM,Surface,X,255.4748056,1198,0.213429245,Y,255.4748056,1198,0.213429245,Z,Topography,6060.260015,120263,0.050391725,0,669.7299086,-0.469422309,5.461096738,2013.70372,4046.556295,6060.260015,501.262327,5.968163473,850.122814,1291.039494,21.19996282,0.227508813,22.99905789,0.114919111,0.600420256,0.030725666,0.880871454,0.030725666,0.518250171,0.797528159,0.083343295,3654.395294,544.1137241,1788.158209,179.9920262,63.51898753,26.42341145,60.44077486,0.003185509,0.01853534,0.82571491,14.44084031,2.270973932,8.517249149
07.09.2020,14:42:03,E:\USE-WEAR\archaeology\RAMIOUL\ConfoMap\R_pro --- R_50x_res ---  -  - Users - schunk - Documents - USE-WEAR - RAMIOUL - LSM - R-020 - R-020_C2-01-a_50x09_LSM_Topo.mnt,1.469186245,-7.156041343,-15443.82758,32.86512209,-0.038122804,1.50E-05,20.70908716,0.020230406,-4.81E-06,0.011997017,-3.19E-05,-1.71E-05,R_50x_res ---  -  - Users - schunk - Documents - USE-WEAR - RAMIOUL - LSM - R-020 - R-020_C2-01-a_50x09_LSM_Topo,7/15/2020 11:50:06 AM,Surface,X,255.4748056,1198,0.213429245,Y,255.4748056,1198,0.213429245,Z,Topography,68897.96715,65239,1.05608558,0,R_50x_res ---  -  - Users - schunk - Documents - USE-WEAR - RAMIOUL - LSM - R-020 - R-020_C2-01-a_50x09_LSM_Topo > Leveled (LS-plane),7/15/2020 11:50:06 AM,Surface,X,255.4748056,1198,0.213429245,Y,255.4748056,1198,0.213429245,Z,Topography,45460.25987,43046,1.05608558,0,R_50x_res ---  -  - Users - schunk - Documents - USE-WEAR - RAMIOUL - LSM - R-020 - R-020_C2-01-a_50x09_LSM_Topo > Leveled (LS-plane) > Form removed (LS-poly 3) > Outliers removed > Thresholded (0.1000 % ; 99.90 %) > S-filtered (Lambda-s 2.500 µm) > Filled-in non-measured points,7/15/2020 11:50:06 AM,Surface,X,255.4748056,1198,0.213429245,Y,255.4748056,1198,0.213429245,Z,Topography,16907.5077,160096,0.105608558,0,2738.372068,-0.247447908,2.968504743,8267.249136,8640.258563,16907.5077,2161.18731,0.183413625,3408.853121,5845.184548,24.12752811,0.775099009,176.9921063,0.360563208,5.795248583,0.110442475,3.519292707,0.110442475,2.480002921,3.154424865,0.364867843,9329.776838,2546.480672,1885.761032,179.9939402,134.9958023,89.99062936,80.397029,0.001417299,0.018304921,7.159923157,115.8068023,0.341764155,0.464913636
07.09.2020,14:42:27,E:\USE-WEAR\archaeology\RAMIOUL\ConfoMap\R_pro --- R_50x_res ---  -  - Users - schunk - Documents - USE-WEAR - RAMIOUL - LSM - R-020 - R-020_C2-01-b_50x09_LSM_Topo.mnt,0.563781875,-0.539752207,5849.269177,-14.59312975,-0.013443043,2.51E-05,-40.90127254,0.09688541,-6.87E-05,0.04733991,-2.19E-05,-1.96E-05,R_50x_res ---  -  - Users - schunk - Documents - USE-WEAR - RAMIOUL - LSM - R-020 - R-020_C2-01-b_50x09_LSM_Topo,7/15/2020 12:07:21 PM,Surface,X,255.4748056,1198,0.213429245,Y,255.4748056,1198,0.213429245,Z,Topography,44935.31717,65671,0.684249017,0,R_50x_res ---  -  - Users - schunk - Documents - USE-WEAR - RAMIOUL - LSM - R-020 - R-020_C2-01-b_50x09_LSM_Topo > Leveled (LS-plane),7/15/2020 12:07:21 PM,Surface,X,255.4748056,1198,0.213429245,Y,255.4748056,1198,0.213429245,Z,Topography,44994.16258,65757,0.684249017,0,R_50x_res ---  -  - Users - schunk - Documents - USE-WEAR - RAMIOUL - LSM - R-020 - R-020_C2-01-b_50x09_LSM_Topo > Leveled (LS-plane) > Form removed (LS-poly 3) > Outliers removed > Thresholded (0.1000 % ; 99.90 %) > S-filtered (Lambda-s 2.500 µm) > Filled-in non-measured points,7/15/2020 12:07:21 PM,Surface,X,255.4748056,1198,0.213429245,Y,255.4748056,1198,0.213429245,Z,Topography,30792.43739,450018,0.068424902,0,4072.949862,-0.734482795,5.852680276,10866.62706,19925.81034,30792.43739,3009.278289,0.357484489,5011.816186,8349.857539,31.46818106,*****,129.0084998,0.450565514,8.244907179,0.183049256,5.194896558,0.183049256,3.018061731,4.623562861,0.571333697,13981.61368,3011.215425,1878.35041,135.0052401,90.01879391,179.9824155,72.44798982,0.00286807,0.016965133,10.16358697,67.67171833,0.350738471,0.662300296
07.09.2020,14:42:51,E:\USE-WEAR\archaeology\RAMIOUL\ConfoMap\R_pro --- R_50x_res ---  -  - Users - schunk - Documents - USE-WEAR - RAMIOUL - LSM - R-020 - R-020_C2-01-c_50x09_LSM_Topo.mnt,1.366136351,5.074515502,-19740.84037,29.28320818,0.000899618,-1.47E-05,70.29222316,-0.067060069,4.30E-05,-0.064968178,-4.29E-06,2.34E-05,R_50x_res ---  -  - Users - schunk - Documents - USE-WEAR - RAMIOUL - LSM - R-020 - R-020_C2-01-c_50x09_LSM_Topo,7/15/2020 12:27:07 PM,Surface,X,255.4748056,1198,0.213429245,Y,255.4748056,1198,0.213429245,Z,Topography,43323.395,65163,0.664846539,0,R_50x_res ---  -  - Users - schunk - Documents - USE-WEAR - RAMIOUL - LSM - R-020 - R-020_C2-01-c_50x09_LSM_Topo > Leveled (LS-plane),7/15/2020 12:27:07 PM,Surface,X,255.4748056,1198,0.213429245,Y,255.4748056,1198,0.213429245,Z,Topography,37206.142,55962,0.664846539,0,R_50x_res ---  -  - Users - schunk - Documents - USE-WEAR - RAMIOUL - LSM - R-020 - R-020_C2-01-c_50x09_LSM_Topo > Leveled (LS-plane) > Form removed (LS-poly 3) > Outliers removed > Thresholded (0.1000 % ; 99.90 %) > S-filtered (Lambda-s 2.500 µm) > Filled-in non-measured points,7/15/2020 12:27:07 PM,Surface,X,255.4748056,1198,0.213429245,Y,255.4748056,1198,0.213429245,Z,Topography,27231.98126,409598,0.066484654,0,4640.724822,-0.298196716,3.121250913,13027.73441,14204.24685,27231.98126,3648.850468,0.341410534,5638.897246,10817.95791,27.27556878,0.572475471,132.7347716,0.443562577,8.283188727,0.211552815,5.850466973,0.211552815,4.151694444,5.223240114,0.627226859,10142.38021,2985.872865,1993.445194,90.01420359,116.4851066,179.9926008,53.65497176,0.00212458,0.018259815,8.578935185,2079.054973,0.381128835,0.601355043
07.09.2020,14:43:15,E:\USE-WEAR\archaeology\RAMIOUL\ConfoMap\R_pro --- R_50x_res ---  -  - Users - schunk - Documents - USE-WEAR - RAMIOUL - LSM - R-020 - R-020_C3-01-a_50x09_LSM_Topo.mnt,0.540778558,-2.80249285,-5390.824346,5.705146558,0.003182034,-1.56E-06,19.07257187,-0.014102463,-2.72E-06,-0.020643057,6.05E-06,8.56E-06,R_50x_res ---  -  - Users - schunk - Documents - USE-WEAR - RAMIOUL - LSM - R-020 - R-020_C3-01-a_50x09_LSM_Topo,6/30/2020 4:26:29 PM,Surface,X,255.4748056,1198,0.213429245,Y,255.4748056,1198,0.213429245,Z,Topography,21318.81882,65592,0.325021631,0,R_50x_res ---  -  - Users - schunk - Documents - USE-WEAR - RAMIOUL - LSM - R-020 - R-020_C3-01-a_50x09_LSM_Topo > Leveled (LS-plane),6/30/2020 4:26:29 PM,Surface,X,255.4748056,1198,0.213429245,Y,255.4748056,1198,0.213429245,Z,Topography,11146.29181,34294,0.325021631,0,R_50x_res ---  -  - Users - schunk - Documents - USE-WEAR - RAMIOUL - LSM - R-020 - R-020_C3-01-a_50x09_LSM_Topo > Leveled (LS-plane) > Form removed (LS-poly 3) > Outliers removed > Thresholded (0.1000 % ; 99.90 %) > S-filtered (Lambda-s 2.500 µm) > Filled-in non-measured points,6/30/2020 4:26:29 PM,Surface,X,255.4748056,1198,0.213429245,Y,255.4748056,1198,0.213429245,Z,Topography,7710.098125,237218,0.032502163,0,771.450028,-1.573408639,10.26736286,2999.462121,4710.636004,7710.098125,498.2693256,0.793336795,743.6788793,2011.76721,19.91886875,0.840361464,176.4941061,0.160654411,1.145107963,0.035637121,0.779326854,0.035637121,0.451251959,0.62954247,0.149784384,4969.808252,667.8485571,2300.921002,179.990207,134.9842907,116.4507187,74.86293817,0.003374743,0.018149905,1.662814154,11.03898219,0.826230512,1.958771809
07.09.2020,14:43:38,E:\USE-WEAR\archaeology\RAMIOUL\ConfoMap\R_pro --- R_50x_res ---  -  - Users - schunk - Documents - USE-WEAR - RAMIOUL - LSM - R-020 - R-020_C3-01-b_50x09_LSM_Topo.mnt,2.067030487,-2.814514491,-2926.198396,10.49321368,-0.009431912,3.14E-06,4.586904327,-0.009163693,6.10E-07,-0.002667459,3.76E-06,8.58E-07,R_50x_res ---  -  - Users - schunk - Documents - USE-WEAR - RAMIOUL - LSM - R-020 - R-020_C3-01-b_50x09_LSM_Topo,6/30/2020 4:40:01 PM,Surface,X,255.4748056,1198,0.213429245,Y,255.4748056,1198,0.213429245,Z,Topography,25182.4716,65872,0.382294019,0,R_50x_res ---  -  - Users - schunk - Documents - USE-WEAR - RAMIOUL - LSM - R-020 - R-020_C3-01-b_50x09_LSM_Topo > Leveled (LS-plane),6/30/2020 4:40:01 PM,Surface,X,255.4748056,1198,0.213429245,Y,255.4748056,1198,0.213429245,Z,Topography,9857.068977,25784,0.382294019,0,R_50x_res ---  -  - Users - schunk - Documents - USE-WEAR - RAMIOUL - LSM - R-020 - R-020_C3-01-b_50x09_LSM_Topo > Leveled (LS-plane) > Form removed (LS-poly 3) > Outliers removed > Thresholded (0.1000 % ; 99.90 %) > S-filtered (Lambda-s 2.500 µm) > Filled-in non-measured points,6/30/2020 4:40:01 PM,Surface,X,255.4748056,1198,0.213429245,Y,255.4748056,1198,0.213429245,Z,Topography,6636.050723,173585,0.038229402,0,854.9914224,-0.889832952,5.300942384,2800.571293,3835.47943,6636.050723,621.5347854,1.196198252,856.3616535,2286.781551,35.03725188,0.853584535,92.99930338,0.156678325,1.126067368,0.038324904,0.894680133,0.038324904,0.60152569,0.740096939,0.154583193,3686.57591,734.6520861,2372.221618,90.02517105,134.9435035,45.01023357,67.48049333,0.001280513,0.017277388,1.675712118,5.639887625,1.514439588,1.558650747
07.09.2020,14:44:01,E:\USE-WEAR\archaeology\RAMIOUL\ConfoMap\R_pro --- R_50x_res ---  -  - Users - schunk - Documents - USE-WEAR - RAMIOUL - LSM - R-020 - R-020_C3-01-c_50x09_LSM_Topo.mnt,0.504673974,-2.883674871,-12365.05227,26.67686223,-0.012025466,-3.95E-07,31.81778727,-0.046138401,1.41E-05,-0.014683238,1.19E-05,-1.51E-06,R_50x_res ---  -  - Users - schunk - Documents - USE-WEAR - RAMIOUL - LSM - R-020 - R-020_C3-01-c_50x09_LSM_Topo,6/30/2020 4:52:37 PM,Surface,X,255.4748056,1198,0.213429245,Y,255.4748056,1198,0.213429245,Z,Topography,27346.29994,67345,0.40606281,0,R_50x_res ---  -  - Users - schunk - Documents - USE-WEAR - RAMIOUL - LSM - R-020 - R-020_C3-01-c_50x09_LSM_Topo > Leveled (LS-plane),6/30/2020 4:52:37 PM,Surface,X,255.4748056,1198,0.213429245,Y,255.4748056,1198,0.213429245,Z,Topography,17304.36665,42615,0.40606281,0,R_50x_res ---  -  - Users - schunk - Documents - USE-WEAR - RAMIOUL - LSM - R-020 - R-020_C3-01-c_50x09_LSM_Topo > Leveled (LS-plane) > Form removed (LS-poly 3) > Outliers removed > Thresholded (0.1000 % ; 99.90 %) > S-filtered (Lambda-s 2.500 µm) > Filled-in non-measured points,6/30/2020 4:52:37 PM,Surface,X,255.4748056,1198,0.213429245,Y,255.4748056,1198,0.213429245,Z,Topography,5021.453922,123662,0.040606281,0,405.9694562,-1.875875349,17.06575871,1623.682752,3397.771169,5021.453922,272.519831,3.852734481,444.3766979,671.4314117,16.82624003,0.594204452,141.2567156,0.100250307,0.456178033,0.020794093,0.465180748,0.020794093,0.259255771,0.413346667,0.05183408,3473.363822,318.1982275,2680.757173,141.2483714,146.1707686,135.0418016,63.50237973,0.009179079,0.020043781,0.667662692,4.610763815,0.904315801,2.4295349
